ts,camera_id,name,role,bytes,motion,frames
2026-08-30T20:48:54+07:00,318197263503692449077822,Jl. Tlogomas Arah Barat,commute,75388,1.956,49
2026-08-30T20:48:55+07:00,704720868465795037095760,Jl. Tlogomas Arah Timur,commute,81780,3.071,49
2026-08-30T20:48:56+07:00,097779292771471341955457,Pertigaan Tunggulmas,dest1+2,119756,6.732,49
2026-08-30T20:48:57+07:00,522539750301519499247770,Jembatan TunggulMas,dest2,123704,0.456,49
2026-08-30T20:48:58+07:00,180731272173025410229793,Jl Raya Tlogomas 83 Arah Timur,commute,80652,2.716,49
2026-08-30T20:48:59+07:00,572534477246123479166921,Jl Raya Tlogomas 14a Arah Barat,commute,87420,3.412,49
2026-08-30T20:49:02+07:00,639466428930627267991858,Jl. Sumber Sari Arah Utara,dest3,66740,1.849,49
2026-08-30T20:49:03+07:00,967823448439028638648911,Jl. Sigura-Gura Arah Barat,dest3,58656,1.013,49
2026-08-30T20:49:04+07:00,767576969564466612969572,Jl Veteran Gerbang UB,dest3,52640,0.855,29
2026-08-30T20:49:05+07:00,636589114401733445781917,Jl. Veteran Arah Timur,dest3,66928,0.633,49
2026-08-30T20:49:07+07:00,673512185163543498056968,Jl. Panjaitan Arah Timur,commute,58656,0.882,49
2026-08-30T20:49:08+07:00,446907421280943044413749,Jl MT Haryono Arah Barat,commute,139684,5.328,29
2026-08-30T20:49:10+07:00,268660637162985239935545,Jl. Ijen Arah Utara,cafe,50948,1.383,49
2026-08-30T20:49:11+07:00,322877538584592778525433,Jl. Kawi Arah Barat,cafe,72192,2.344,49
2026-08-30T20:49:12+07:00,184398221253246434285173,Jl. Soekarno Hatta Arah Timur (Center Point),cafe,58280,3.445,49
2026-08-30T20:49:13+07:00,227920422769509645238654,Jl. Soekarno Hatta Arah Selatan,cafe,139684,5.14,29
2026-08-30T20:49:14+07:00,077636403437244032401245,Jl. Terusan Dieng Arah Barat,cafe,67868,0.271,49
2026-08-30T20:53:37+07:00,318197263503692449077822,Jl. Tlogomas Arah Barat,commute,70312,3.416,49
2026-08-30T20:53:39+07:00,704720868465795037095760,Jl. Tlogomas Arah Timur,commute,59972,0.877,49
2026-08-30T20:53:40+07:00,097779292771471341955457,Pertigaan Tunggulmas,dest1+2,112612,0.3,49
2026-08-30T20:53:41+07:00,522539750301519499247770,Jembatan TunggulMas,dest2,119004,0.744,49
2026-08-30T20:53:42+07:00,180731272173025410229793,Jl Raya Tlogomas 83 Arah Timur,commute,99828,3.27,49
2026-08-30T20:53:43+07:00,572534477246123479166921,Jl Raya Tlogomas 14a Arah Barat,commute,68056,1.603,49
2026-08-30T20:53:44+07:00,639466428930627267991858,Jl. Sumber Sari Arah Utara,dest3,62792,1.749,49
2026-08-30T20:53:46+07:00,967823448439028638648911,Jl. Sigura-Gura Arah Barat,dest3,68056,2.14,49
2026-08-30T20:53:47+07:00,767576969564466612969572,Jl Veteran Gerbang UB,dest3,60348,0.805,29
2026-08-30T20:53:48+07:00,636589114401733445781917,Jl. Veteran Arah Timur,dest3,60348,1.734,49
2026-08-30T20:53:49+07:00,673512185163543498056968,Jl. Panjaitan Arah Timur,commute,53392,0.239,49
2026-08-30T20:53:50+07:00,446907421280943044413749,Jl MT Haryono Arah Barat,commute,131788,2.007,29
2026-08-30T20:53:51+07:00,268660637162985239935545,Jl. Ijen Arah Utara,cafe,57340,1.413,49
2026-08-30T20:53:53+07:00,322877538584592778525433,Jl. Kawi Arah Barat,cafe,71064,1.562,49
2026-08-30T20:53:54+07:00,184398221253246434285173,Jl. Soekarno Hatta Arah Timur (Center Point),cafe,57152,2.989,49
2026-08-30T20:53:55+07:00,227920422769509645238654,Jl. Soekarno Hatta Arah Selatan,cafe,133856,3.294,29
2026-08-30T20:53:56+07:00,077636403437244032401245,Jl. Terusan Dieng Arah Barat,cafe,67304,1.174,49
2026-08-30T21:03:38+07:00,318197263503692449077822,Jl. Tlogomas Arah Barat,commute,59408,1.898,49
2026-08-30T21:03:39+07:00,704720868465795037095760,Jl. Tlogomas Arah Timur,commute,68056,2.314,49
2026-08-30T21:03:41+07:00,097779292771471341955457,Pertigaan Tunggulmas,dest1+2,123516,2.031,49
2026-08-30T21:03:42+07:00,522539750301519499247770,Jembatan TunggulMas,dest2,122200,2.088,49
2026-08-30T21:03:44+07:00,180731272173025410229793,Jl Raya Tlogomas 83 Arah Timur,commute,78772,1.683,49
2026-08-30T21:03:46+07:00,572534477246123479166921,Jl Raya Tlogomas 14a Arah Barat,commute,70876,2.002,49
2026-08-30T21:03:47+07:00,639466428930627267991858,Jl. Sumber Sari Arah Utara,dest3,78020,2.074,49
2026-08-30T21:03:49+07:00,967823448439028638648911,Jl. Sigura-Gura Arah Barat,dest3,80464,1.604,49
2026-08-30T21:03:51+07:00,767576969564466612969572,Jl Veteran Gerbang UB,dest3,63356,1.042,29
2026-08-30T21:03:52+07:00,636589114401733445781917,Jl. Veteran Arah Timur,dest3,68244,1.495,49
2026-08-30T21:03:54+07:00,673512185163543498056968,Jl. Panjaitan Arah Timur,commute,77456,4.632,49
2026-08-30T21:03:56+07:00,446907421280943044413749,Jl MT Haryono Arah Barat,commute,130284,2.115,29
2026-08-30T21:03:57+07:00,268660637162985239935545,Jl. Ijen Arah Utara,cafe,68996,0.868,49
2026-08-30T21:03:58+07:00,322877538584592778525433,Jl. Kawi Arah Barat,cafe,61288,2.405,49
2026-08-30T21:04:00+07:00,184398221253246434285173,Jl. Soekarno Hatta Arah Timur (Center Point),cafe,56964,3.148,49
2026-08-30T21:04:01+07:00,227920422769509645238654,Jl. Soekarno Hatta Arah Selatan,cafe,134984,3.714,29
2026-08-30T21:04:03+07:00,077636403437244032401245,Jl. Terusan Dieng Arah Barat,cafe,70876,0.442,49
2026-08-30T21:13:38+07:00,318197263503692449077822,Jl. Tlogomas Arah Barat,commute,71064,2.105,49
2026-08-30T21:13:39+07:00,704720868465795037095760,Jl. Tlogomas Arah Timur,commute,75200,0.861,49
2026-08-30T21:13:41+07:00,097779292771471341955457,Pertigaan Tunggulmas,dest1+2,118440,2.333,49
2026-08-30T21:13:42+07:00,522539750301519499247770,Jembatan TunggulMas,dest2,119192,1.992,49
2026-08-30T21:13:46+07:00,180731272173025410229793,Jl Raya Tlogomas 83 Arah Timur,commute,104152,3.548,49
2026-08-30T21:13:48+07:00,572534477246123479166921,Jl Raya Tlogomas 14a Arah Barat,commute,78208,2.041,49
2026-08-30T21:13:49+07:00,639466428930627267991858,Jl. Sumber Sari Arah Utara,dest3,80652,2.685,49
2026-08-30T21:13:52+07:00,967823448439028638648911,Jl. Sigura-Gura Arah Barat,dest3,68244,1.69,49
2026-08-30T21:13:53+07:00,767576969564466612969572,Jl Veteran Gerbang UB,dest3,66364,1.043,29
2026-08-30T21:13:57+07:00,636589114401733445781917,Jl. Veteran Arah Timur,dest3,64296,0.599,49
2026-08-30T21:13:58+07:00,673512185163543498056968,Jl. Panjaitan Arah Timur,commute,57152,5.537,49
2026-08-30T21:14:00+07:00,446907421280943044413749,Jl MT Haryono Arah Barat,commute,127088,4.553,29
2026-08-30T21:14:01+07:00,268660637162985239935545,Jl. Ijen Arah Utara,cafe,66740,0.516,49
2026-08-30T21:14:03+07:00,322877538584592778525433,Jl. Kawi Arah Barat,cafe,69560,2.825,49
2026-08-30T21:14:05+07:00,184398221253246434285173,Jl. Soekarno Hatta Arah Timur (Center Point),cafe,49820,2.657,49
2026-08-30T21:14:07+07:00,227920422769509645238654,Jl. Soekarno Hatta Arah Selatan,cafe,134608,3.67,29
2026-08-30T21:14:09+07:00,077636403437244032401245,Jl. Terusan Dieng Arah Barat,cafe,64672,0.456,49
2026-08-30T21:23:37+07:00,318197263503692449077822,Jl. Tlogomas Arah Barat,commute,60912,1.005,49
2026-08-30T21:23:39+07:00,704720868465795037095760,Jl. Tlogomas Arah Timur,commute,67680,0.715,49
2026-08-30T21:23:40+07:00,097779292771471341955457,Pertigaan Tunggulmas,dest1+2,123892,2.495,49
2026-08-30T21:23:44+07:00,522539750301519499247770,Jembatan TunggulMas,dest2,121072,1.204,49
2026-08-30T21:23:47+07:00,180731272173025410229793,Jl Raya Tlogomas 83 Arah Timur,commute,77832,2.144,49
2026-08-30T21:23:49+07:00,572534477246123479166921,Jl Raya Tlogomas 14a Arah Barat,commute,69748,2.672,49
2026-08-30T21:23:50+07:00,639466428930627267991858,Jl. Sumber Sari Arah Utara,dest3,66928,1.062,49
2026-08-30T21:23:52+07:00,967823448439028638648911,Jl. Sigura-Gura Arah Barat,dest3,67680,0.865,49
2026-08-30T21:23:53+07:00,767576969564466612969572,Jl Veteran Gerbang UB,dest3,63544,0.308,29
2026-08-30T21:23:55+07:00,636589114401733445781917,Jl. Veteran Arah Timur,dest3,59784,1.085,49
2026-08-30T21:23:57+07:00,673512185163543498056968,Jl. Panjaitan Arah Timur,commute,67868,0.119,49
2026-08-30T21:23:59+07:00,446907421280943044413749,Jl MT Haryono Arah Barat,commute,132728,4.874,29
2026-08-30T21:24:02+07:00,268660637162985239935545,Jl. Ijen Arah Utara,cafe,69936,1.119,49
2026-08-30T21:24:04+07:00,322877538584592778525433,Jl. Kawi Arah Barat,cafe,65236,1.392,49
2026-08-30T21:24:06+07:00,184398221253246434285173,Jl. Soekarno Hatta Arah Timur (Center Point),cafe,58468,3.447,49
2026-08-30T21:24:07+07:00,227920422769509645238654,Jl. Soekarno Hatta Arah Selatan,cafe,129908,3.54,29
2026-08-30T21:24:09+07:00,077636403437244032401245,Jl. Terusan Dieng Arah Barat,cafe,66740,0.455,49
2026-08-30T21:33:38+07:00,318197263503692449077822,Jl. Tlogomas Arah Barat,commute,107912,4.744,49
2026-08-30T21:33:39+07:00,704720868465795037095760,Jl. Tlogomas Arah Timur,commute,65048,1.938,49
2026-08-30T21:33:40+07:00,097779292771471341955457,Pertigaan Tunggulmas,dest1+2,120696,5.046,49
2026-08-30T21:33:41+07:00,522539750301519499247770,Jembatan TunggulMas,dest2,119756,1.532,49
2026-08-30T21:33:43+07:00,180731272173025410229793,Jl Raya Tlogomas 83 Arah Timur,commute,65236,1.497,49
2026-08-30T21:33:44+07:00,572534477246123479166921,Jl Raya Tlogomas 14a Arah Barat,commute,66740,1.367,49
2026-08-30T21:33:47+07:00,639466428930627267991858,Jl. Sumber Sari Arah Utara,dest3,89300,3.831,49
2026-08-30T21:33:48+07:00,967823448439028638648911,Jl. Sigura-Gura Arah Barat,dest3,99640,4.599,49
2026-08-30T21:33:49+07:00,767576969564466612969572,Jl Veteran Gerbang UB,dest3,72192,1.646,29
2026-08-30T21:33:50+07:00,636589114401733445781917,Jl. Veteran Arah Timur,dest3,65800,0.978,49
2026-08-30T21:33:52+07:00,673512185163543498056968,Jl. Panjaitan Arah Timur,commute,67116,6.038,49
2026-08-30T21:33:53+07:00,446907421280943044413749,Jl MT Haryono Arah Barat,commute,129344,5.566,29
2026-08-30T21:33:54+07:00,268660637162985239935545,Jl. Ijen Arah Utara,cafe,74072,2.809,49
2026-08-30T21:33:55+07:00,322877538584592778525433,Jl. Kawi Arah Barat,cafe,56776,1.596,49
2026-08-30T21:33:57+07:00,184398221253246434285173,Jl. Soekarno Hatta Arah Timur (Center Point),cafe,51136,3.61,49
2026-08-30T21:33:58+07:00,227920422769509645238654,Jl. Soekarno Hatta Arah Selatan,cafe,137428,3.354,29
2026-08-30T21:33:59+07:00,077636403437244032401245,Jl. Terusan Dieng Arah Barat,cafe,65424,0.768,49
2026-08-30T21:43:38+07:00,318197263503692449077822,Jl. Tlogomas Arah Barat,commute,74824,3.056,49
2026-08-30T21:43:39+07:00,704720868465795037095760,Jl. Tlogomas Arah Timur,commute,78772,2.251,49
2026-08-30T21:43:41+07:00,097779292771471341955457,Pertigaan Tunggulmas,dest1+2,125772,0.453,49
2026-08-30T21:43:43+07:00,522539750301519499247770,Jembatan TunggulMas,dest2,119004,0.984,49
2026-08-30T21:43:44+07:00,180731272173025410229793,Jl Raya Tlogomas 83 Arah Timur,commute,85352,3.106,49
2026-08-30T21:43:45+07:00,572534477246123479166921,Jl Raya Tlogomas 14a Arah Barat,commute,80088,3.028,49
2026-08-30T21:43:47+07:00,639466428930627267991858,Jl. Sumber Sari Arah Utara,dest3,59220,0.444,49
2026-08-30T21:43:49+07:00,967823448439028638648911,Jl. Sigura-Gura Arah Barat,dest3,56588,0.599,49
2026-08-30T21:43:50+07:00,767576969564466612969572,Jl Veteran Gerbang UB,dest3,59032,0.818,29
2026-08-30T21:43:53+07:00,636589114401733445781917,Jl. Veteran Arah Timur,dest3,76328,2.285,49
2026-08-30T21:43:54+07:00,673512185163543498056968,Jl. Panjaitan Arah Timur,commute,70124,2.632,49
2026-08-30T21:43:57+07:00,446907421280943044413749,Jl MT Haryono Arah Barat,commute,127464,3.127,29
2026-08-30T21:44:01+07:00,268660637162985239935545,Jl. Ijen Arah Utara,cafe,71628,2.188,49
2026-08-30T21:44:03+07:00,322877538584592778525433,Jl. Kawi Arah Barat,cafe,68432,0.142,49
2026-08-30T21:44:04+07:00,184398221253246434285173,Jl. Soekarno Hatta Arah Timur (Center Point),cafe,53204,3.644,49
2026-08-30T21:44:06+07:00,227920422769509645238654,Jl. Soekarno Hatta Arah Selatan,cafe,136676,3.939,29
2026-08-30T21:44:07+07:00,077636403437244032401245,Jl. Terusan Dieng Arah Barat,cafe,68244,0.394,49
2026-08-30T21:53:37+07:00,318197263503692449077822,Jl. Tlogomas Arah Barat,commute,59220,1.113,49
2026-08-30T21:53:39+07:00,704720868465795037095760,Jl. Tlogomas Arah Timur,commute,55460,1.3,49
2026-08-30T21:53:40+07:00,097779292771471341955457,Pertigaan Tunggulmas,dest1+2,122388,3.408,49
2026-08-30T21:53:41+07:00,522539750301519499247770,Jembatan TunggulMas,dest2,127840,1.291,49
2026-08-30T21:53:42+07:00,180731272173025410229793,Jl Raya Tlogomas 83 Arah Timur,commute,76328,1.41,49
2026-08-30T21:53:43+07:00,572534477246123479166921,Jl Raya Tlogomas 14a Arah Barat,commute,53016,0.64,49
2026-08-30T21:53:45+07:00,639466428930627267991858,Jl. Sumber Sari Arah Utara,dest3,82908,2.585,49
2026-08-30T21:53:46+07:00,967823448439028638648911,Jl. Sigura-Gura Arah Barat,dest3,94940,3.215,49
2026-08-30T21:53:47+07:00,767576969564466612969572,Jl Veteran Gerbang UB,dest3,56776,0.562,29
2026-08-30T21:53:48+07:00,636589114401733445781917,Jl. Veteran Arah Timur,dest3,84600,4.16,49
2026-08-30T21:53:50+07:00,673512185163543498056968,Jl. Panjaitan Arah Timur,commute,65612,0.048,49
2026-08-30T21:53:51+07:00,446907421280943044413749,Jl MT Haryono Arah Barat,commute,132728,6.105,29
2026-08-30T21:53:52+07:00,268660637162985239935545,Jl. Ijen Arah Utara,cafe,57340,1.874,49
2026-08-30T21:53:53+07:00,322877538584592778525433,Jl. Kawi Arah Barat,cafe,68996,0.068,49
2026-08-30T21:53:54+07:00,184398221253246434285173,Jl. Soekarno Hatta Arah Timur (Center Point),cafe,31960,1.159,49
2026-08-30T21:53:56+07:00,227920422769509645238654,Jl. Soekarno Hatta Arah Selatan,cafe,130660,2.379,29
2026-08-30T21:53:57+07:00,077636403437244032401245,Jl. Terusan Dieng Arah Barat,cafe,69748,1.209,49
2026-08-30T22:03:38+07:00,318197263503692449077822,Jl. Tlogomas Arah Barat,commute,71064,2.098,49
2026-08-30T22:03:39+07:00,704720868465795037095760,Jl. Tlogomas Arah Timur,commute,74072,1.832,49
2026-08-30T22:03:41+07:00,097779292771471341955457,Pertigaan Tunggulmas,dest1+2,122012,6.255,49
2026-08-30T22:03:42+07:00,522539750301519499247770,Jembatan TunggulMas,dest2,116184,1.786,49
2026-08-30T22:03:45+07:00,180731272173025410229793,Jl Raya Tlogomas 83 Arah Timur,commute,94752,2.896,49
2026-08-30T22:03:46+07:00,572534477246123479166921,Jl Raya Tlogomas 14a Arah Barat,commute,64484,1.526,49
2026-08-30T22:03:47+07:00,639466428930627267991858,Jl. Sumber Sari Arah Utara,dest3,62416,0.51,49
2026-08-30T22:03:49+07:00,967823448439028638648911,Jl. Sigura-Gura Arah Barat,dest3,68244,0.314,49
2026-08-30T22:03:50+07:00,767576969564466612969572,Jl Veteran Gerbang UB,dest3,63168,0.31,29
2026-08-30T22:03:51+07:00,636589114401733445781917,Jl. Veteran Arah Timur,dest3,63356,0.554,49
2026-08-30T22:03:53+07:00,673512185163543498056968,Jl. Panjaitan Arah Timur,commute,65800,0.722,49
2026-08-30T22:03:54+07:00,446907421280943044413749,Jl MT Haryono Arah Barat,commute,131976,2.184,29
2026-08-30T22:03:55+07:00,268660637162985239935545,Jl. Ijen Arah Utara,cafe,68808,0.845,49
2026-08-30T22:03:57+07:00,322877538584592778525433,Jl. Kawi Arah Barat,cafe,59220,0.561,49
2026-08-30T22:03:58+07:00,184398221253246434285173,Jl. Soekarno Hatta Arah Timur (Center Point),cafe,21244,0.4,49
2026-08-30T22:03:59+07:00,227920422769509645238654,Jl. Soekarno Hatta Arah Selatan,cafe,128404,1.698,29
2026-08-30T22:04:01+07:00,077636403437244032401245,Jl. Terusan Dieng Arah Barat,cafe,65612,0.165,49
2026-08-30T22:13:37+07:00,318197263503692449077822,Jl. Tlogomas Arah Barat,commute,62604,1.516,49
2026-08-30T22:13:38+07:00,704720868465795037095760,Jl. Tlogomas Arah Timur,commute,74072,2.638,49
2026-08-30T22:13:40+07:00,097779292771471341955457,Pertigaan Tunggulmas,dest1+2,117124,2.097,49
2026-08-30T22:13:41+07:00,522539750301519499247770,Jembatan TunggulMas,dest2,124456,2.46,49
2026-08-30T22:13:42+07:00,180731272173025410229793,Jl Raya Tlogomas 83 Arah Timur,commute,92872,3.098,49
2026-08-30T22:13:43+07:00,572534477246123479166921,Jl Raya Tlogomas 14a Arah Barat,commute,82908,3.276,49
2026-08-30T22:13:45+07:00,639466428930627267991858,Jl. Sumber Sari Arah Utara,dest3,102460,4.032,49
2026-08-30T22:13:46+07:00,967823448439028638648911,Jl. Sigura-Gura Arah Barat,dest3,99076,2.574,49
2026-08-30T22:13:47+07:00,767576969564466612969572,Jl Veteran Gerbang UB,dest3,61288,0.801,29
2026-08-30T22:13:48+07:00,636589114401733445781917,Jl. Veteran Arah Timur,dest3,64860,1.904,49
2026-08-30T22:13:50+07:00,673512185163543498056968,Jl. Panjaitan Arah Timur,commute,68620,1.386,49
2026-08-30T22:13:51+07:00,446907421280943044413749,Jl MT Haryono Arah Barat,commute,132352,4.918,29
2026-08-30T22:13:52+07:00,268660637162985239935545,Jl. Ijen Arah Utara,cafe,71064,2.618,49
2026-08-30T22:13:53+07:00,322877538584592778525433,Jl. Kawi Arah Barat,cafe,64672,0.708,49
2026-08-30T22:13:54+07:00,184398221253246434285173,Jl. Soekarno Hatta Arah Timur (Center Point),cafe,65424,3.373,49
2026-08-30T22:13:56+07:00,227920422769509645238654,Jl. Soekarno Hatta Arah Selatan,cafe,135360,2.243,29
2026-08-30T22:13:57+07:00,077636403437244032401245,Jl. Terusan Dieng Arah Barat,cafe,67304,0.791,49
